Canada,maple,ontario,nations,territories,provinces,,,,,,,,
Communism,lenin,karl marx,society,marxist,revolution,,,,,,,,
Sun,temperature,surface,core,energy,light,,,,,,,,
Sugar,carbohydrates,blood,disease,fructose,refined,,,,,,,,
Elephant,matriarch,males,animals,african,trunk,,,,,,,,
Yogurt,bacteria,strained,fat,fermented,fruit,,,,,,,,
The Holocaust,hitler,extermination,victims,camp,poland,,,,,,,,
Rosa Parks,white,alabama,boycott,black,detroit,,,,,,,,
Sherlock Holmes,case,fictional,detective,arthur conan doyle,stories,,,,,,,,
Ludwig van Beethoven,sonatas,composers,vienna,symphony,piano,,,,,,,,
Muhammad Ali,round,ring,joe frazier,win,cassius clay,,,,,,,,
Nicolas Cage,performance,national treasure,role,actor,male,,,,,,,,
Plato,ancient,works,forms,republic,oxford,,,,,,,,
Paris,capital,eiffel tower,french,city,france,,,,,,,,
Nelson Mandela,trial,order,klerk,johannesburg,president,,,,,,,,
Plague,spread,fever,flea,infection,black,,,,,,,,
Benedict Cumberbatch,television,film,sherlock,award,actor,,,,,,,,
Hanukkah,candles,religious,temple,jews,menorah,,,,,,,,
Google logo,animation,search,anniversary,favicon,interactive,,,,,,,,
The Beatles,artists,rock,ringo starr,music,songs,,,,,,,,
Bermuda Triangle,florida,incidents,mystery,atlantic,ships,,,,,,,,
Moon,mission,waxing,space,side,waning,,,,,,,,
Maslow's hierarchy of needs,psychology,human,levels,theory,physiological,,,,,,,,
The Walking Dead,main,survivors,walkers,episode,darabont,,,,,,,,
Natalie Portman,black swan,award,harvard,film,descent,,,,,,,,
Ethiopia,health,africa,world,emperor,government,,,,,,,,
Recipe,prepare,ingredients,culinary,dish,cookbook,,,,,,,,
Backslash,characters,code,line,path,punctuation,,,,,,,,
Haiku,poets,verse,syllable,poetry,hokku,,,,,,,,
South Korea,japan,country,republic,relations,north,,,,,,,,
The Simpsons,marge,family,homer,animated,fox,,,,,,,,
Edward Snowden,government,intelligence,hong kong,russia,surveillance,,,,,,,,
Albert Einstein,mechanics,light,motion,energy,genius,,,,,,,,
Turkey,eastern,europe,country,republic,istanbul,,,,,,,,
Lana Del Rey,video,video games,singer,born to die,album,,,,,,,,
50 Cent,song,rapper,g unit,album,game,,,,,,,,
James Bond,film,casino royale,girls,series,novel,,,,,,,,
Reindeer,donder,christmas,donner,nosed,red,,,,,,,,
Heath Ledger,joker,death,critics,australian,film,,,,,,,,
Maryland,chesapeake bay,city,virginia,washington DC,state,,,,,,,,
Rice,paddy,irrigation,farmers,crop,china,,,,,,,,
Norway,europe,union,denmark,country,oslo,,,,,,,,
The Hobbit,journey,new zealand,rings,lord,guillermo del toro,,,,,,,,
Bruce Lee,dragon,chinese,fighting,hong kong,martial arts,,,,,,,,
Zeus,mythology,bolt,mount,oracle,cronus,,,,,,,,
Air conditioning,systems,room,unit,energy,engineering,,,,,,,,
Cleopatra,rome,octavian,alexandria,egyptian,roman,,,,,,,,
NFL,players,bowl,draft,conference,game,,,,,,,,
Xbox,video,live,games,kinect,game,,,,,,,,
English,native,dutch,latin,old,speakers,,,,,,,,
Michael Jackson,billy jean,grammy,artist,thriller,pop,,,,,,,,
Michael Jordan,points,finals,player,career,team,,,,,,,,
Vladimir Lenin,workers,bolshevik,soviet,socialist,party,,,,,,,,
Labrador Retriever,black,breeds,chocolate,kennel,yellow,,,,,,,,
Black Death,pandemic,outbreaks,bubonic,pests,population,,,,,,,,
Vietnam,communist,asia,chinese,hanoi,country,,,,,,,,
Entropy,theory,state,statistical,energy,temperature,,,,,,,,
Hydrogen,energy,chemical,reaction,proton,form,,,,,,,,
World War II,france,union,axis,allies,japan,,,,,,,,
Dexter,miami,hall,game,killer,murder,,,,,,,,
Franklin D. Roosevelt,polio,new deal,democratic,war,president,,,,,,,,
Fannie Mae,backed,government,loan,federal,market,,,,,,,,
Peyton Manning,MVP,touchdown,passes,super bowl,nfl,,,,,,,,
Tom Cruise,movie,golden globe,katie holmes,film,actor,,,,,,,,
Thomas Edison,light,inventor,bulb,patent,electric,,,,,,,,
Carbon dioxide (CO2),oxygen,doi,concentration,acid,water,,,,,,,,
Basketball,rules,court,nba,shot,game,,,,,,,,
Justin Timberlake,boy band,pop,song,male,singer,,,,,,,,
Chernobyl disaster,core,explosion,radioactive,water,plant,,,,,,,,
Beyonce Knowles,song,jay-z,awards,destiny's child,music,,,,,,,,
Pompeii,town,archaeological,city,italy,roman,,,,,,,,
Taj Mahal,dome,architecture,monument,buildings,garden,,,,,,,,
Europe,union,france,england,germany,russia,,,,,,,,
Marketing,strategy,behavior,information,business,orientation,,,,,,,,
Australia,island,sydney,commonwealth,melbourne,continent,,,,,,,,
Corn,syrup,cob,sweet,sugar,maize,,,,,,,,
Russell Wilson,seattle,players,touchdowns,quarterback,rookie,,,,,,,,
Microsoft,products,business,gates,ibm,server,,,,,,,,
Tiger,feline,sumatran,india,species,bengal,,,,,,,,
Jim Morrison,american,musician,singer,rock,the doors,,,,,,,,
Hong Kong,harbour,city,government,mainland,british,,,,,,,,
Diabetes,levels,symptoms,complications,risk,cells,,,,,,,,
Butter,margarine,food,fat,dairy,milk,,,,,,,,
Eggnog,drinks,brandy,cream,ingredients,food,,,,,,,,
Denmark,norway,europe,copenhagen,world,european,,,,,,,,
Vegetarian,rice,vegetable,foods,products,vegan,,,,,,,,
Go (game),black,chinese,rules,moves,board,,,,,,,,
Enrique Iglesias,chart,music,songs,released,single,,,,,,,,
Seven deadly sins,dante,lust,latin,sloth,greed,,,,,,,,
Apostrophe,mark,words,english,use,form,,,,,,,,
Johnny Depp,roles,pirate,role,gilbert grape,actor,,,,,,,,
Oprah Winfrey,writers,magazine,executive,women,television,,,,,,,,
Cheese,protein,flavor,food,soft,fat,,,,,,,,
Chesapeake Bay,tides,potomac,susquehanna,oyster,baltimore,,,,,,,,
Brad Pitt,actor,hollywood,male,award,role,,,,,,,,
Hyphen,compound,text,dash,line,style,,,,,,,,
Tofu,vegetarianism,japanese,cuisine,firm,soft,,,,,,,,
Emma Stone,zombieland,movie,film,actress,spiderman,,,,,,,,
Channing Tatum,the vow,magic mike,actor,step up,male,,,,,,,,
Muhammad,god,muslim,quran,islam,medina,,,,,,,,
Ku Klux Klan,organizations,groups,violence,black,civil rights,,,,,,,,
Nuclear power,fission,radioactive,accident,electricity,plants,,,,,,,,
FIFA World Cup,germany,team,international,federation,association,,,,,,,,
Anne Hathaway,princess diaries,american,les miserables,academy,actress,,,,,,,,
Dwayne Johnson,hercules,triple h,wrestlemania,raw,wrestling,,,,,,,,
Taylor Swift,awards,pop,songs,nashville,music,,,,,,,,
Christmas,tree,celebration,christian,church,religious,,,,,,,,
Kobe Bryant,player,team,basketball,career,points,,,,,,,,
Austria,europe,hungary,republic,germany,state,,,,,,,,
Fruit,orange,apple,berries,fleshy,ovary,,,,,,,,
Poverty,health,economic,basic needs,food,welfare,,,,,,,,
Nikola Tesla,patent,westinghouse,radio,patents,motor,,,,,,,,
William Shakespeare,bard,sonnets,stratford,avon,henry VIII,,,,,,,,
Hemp,sativa,plant,oil,marijuana,crop,,,,,,,,
Friends,chandler,monica,television,nbc,ross,,,,,,,,
Dog,species,canis lupis,wolf,pet,wolves,,,,,,,,
Stephen Fry,actor,lgbt,twitter,series,london,,,,,,,,
Tom Hanks,castaway,best,academy award,film,role,,,,,,,,
Clint Eastwood,actor,western,dirty harry,award,million dollar baby,,,,,,,,
Emma Watson,actress,film,brown,wallflower,perks,,,,,,,,
Wiki,vandalism,software,page,content,edit,,,,,,,,
Isaac Newton,theory,mechanics,force,gravity,light,,,,,,,,
Disaster,nuclear,hazard,vulnerability,man made,management,,,,,,,,
Mexico,city,mestizo,spain,country,spanish,,,,,,,,
Elizabeth II,england,british,wales,duke,commonwealth,,,,,,,,
The Lord of the Rings,sauron,books,hobbit,middle earth,frodo,,,,,,,,
One Direction,x factor,single,awards,boy,charity,,,,,,,,
Dough,kneaded,pasta,leavening,cooking,baking,,,,,,,,
Greece,century,islands,byzantine,macedonia,country,,,,,,,,
Ship,water,naval,cargo,boat,fishing,,,,,,,,
Hacker,edit,network,black,virus,needing,,,,,,,,
Adam Levine,pop,los angeles,singers,music,rock,,,,,,,,
Rihanna,artist,singer,billboard,barbados,music,,,,,,,,
Elvis Presley,music,country,memphis,king,icon,,,,,,,,
Bob Marley,concert,rastafari,album,one love,reggae,,,,,,,,
Texas,mexico,san antonio,united states,austin,largest,,,,,,,,
Matt Damon,good will hunting,bourne series,massachusetts,award,star,,,,,,,,
Richard Nixon,vice,watergate,california,scandal,president,,,,,,,,
United States Constitution,convention,government,law,rights,federal,,,,,,,,
Herb,powder,basil,seed,plant,witchcraft,,,,,,,,
Grey's Anatomy,medical,abc,hospital,series,episode,,,,,,,,
A Christmas Carol,ghost,book,tale,novels,scrooge,,,,,,,,
Benjamin Franklin,inventor,colonial,boston,founding,father,,,,,,,,
Mila Kunis,black swan,performance,award,film,actress,,,,,,,,
Galileo Galilei,sun,physics,earth,astronomer,science,,,,,,,,
Mike Ditka,nfc,cowboys,super bowl,team,players,,,,,,,,
Spain,madrid,peninsula,europe,mediterranean,basque,,,,,,,,
South Park,animated,series,kenny,television,chef,,,,,,,,
World War I,russia,hungary,french,austria,british,,,,,,,,
Dubai,international,emirate,united arab emirates,city,emirates,,,,,,,,
James Franco,role,man,male,california,actors,,,,,,,,
Che Guevara,guerrilla,later,him,bolivian,revolutionary,,,,,,,,
Bob Dylan,singer,rolling stone,times,folk,music,,,,,,,,
Spleen,anatomy,tissue,lymphoid,organ,blood cells,,,,,,,,
Ten Commandments,covenant,israel,jewish,exodus,shalt,,,,,,,,
Cat,animals,prey,feline,humans,species,,,,,,,,
Socialism,labour,capitalism,production,society,state,,,,,,,,
iPhone,generation,models,sim,screen,ios,,,,,,,,
Duck Dynasty,korie,jase,kay,season,commander,,,,,,,,
Avril Lavigne,complicated,song,single,french,sk8ter boi,,,,,,,,
Greenland,territories,arctic,ice,inuit,expedition,,,,,,,,
Cytoplasm,membrane,structures,proteins,mitochondria,nucleus,,,,,,,,
India,asian,subcontinent,regional,empire,gdp,,,,,,,,
Gravity (film),movie,kowalski,sandra bullock,alfonso cuaron,astronaut,,,,,,,,
The Sound of Music,musical,broadway,cast,von,captain,,,,,,,,
Princess Diana,william,marriage,family,london,lady,,,,,,,,
Kenya,president,british,oil,running,world,,,,,,,,
Milk,liter,bottles,calcium,cartons,cow,,,,,,,,
Shakira,rock,music,song,spanish,colombian,,,,,,,,
Marilyn Manson,actor,rock,male,metal,tour,,,,,,,,
Wolverine,animal,origins,avengers,logan,fictional,,,,,,,,
Internet Movie Database,websites,ratings,film,top,amazon,,,,,,,,
Cristiano Ronaldo,uefa,season,goal,real madrid,player,,,,,,,,
Jennifer Aniston,television,comedy,actress,friends,hollywood,,,,,,,,
Wheat,bread,seed,plant,wild,production,,,,,,,,
Renaissance,artists,greek,europe,century,florence,,,,,,,,
China,beijing,country,population,republic,dynasty,,,,,,,,
BMW,company,motorcycles,vehicles,models,car,,,,,,,,
Cereal,milk,rice,diet,food,lucky charms,,,,,,,,
Bill of Rights,court,convention,congress,ratification,madison,,,,,,,,
Napoleon,empire,louis,waterloo,emperor,army,,,,,,,,
Ukraine,republic,poland,union,russia,kiev,,,,,,,,
Mao Zedong,revolutionary,chairman,people,party,communist,,,,,,,,
The Vampire Diaries,show,nina dobrev,fantasy,television,series,,,,,,,,
Indonesia,country,asia,population,java,kalimantan,,,,,,,,
United States,country,native,gdp,income,largest,,,,,,,,
Polar ice cap,regions,antarctica,pole,earth,nasa,,,,,,,,
Egg,fat,cholesterol,brown,hens,white,,,,,,,,
The X Factor,live,judge,contestants,show,auditions,,,,,,,,
Wonders of the World,middle,jerusalem,pyramid,giza,natural,,,,,,,,
South Africa,gauteng,black,national,republic,country,,,,,,,,
NASA,flight,mission,shuttle,station,apollo,,,,,,,,
Seaweed,red,water,brown,kelp,edible,,,,,,,,
Human,people,body,genetic,between,homo sapien,,,,,,,,
Smallpox,eradication,lesions,infection,form,rash,,,,,,,,
Brazil,portugal,largest,sao paulo,country,rio de janeiro,,,,,,,,
Maize,food,plant,grain,ear,kernels,,,,,,,,
Julius Caesar,emperor,brutus,assassination,latin,mark antony,,,,,,,,
Nail biting,eating,habits,oral,impulse,skin,,,,,,,,
"Martin Luther King, Jr.",speech,dream,assasination,movement,civil rights,,,,,,,,
Buddhism,practice,religion,gautama,suffering,meditation,,,,,,,,
Kim Kardashian,keeping,los angeles,kris humphries,reality TV,kanye west,,,,,,,,
The Great Gatsby,egg,new york,buchanan,nick,novels,,,,,,,,
Diamond,cut,de beers,natural,carbon,high,,,,,,,,
Iran,revolution,country,tehran,empire,islamic,,,,,,,,
Great Wall of China,earth,dynasty,visible,sections,built,,,,,,,,
Michael Fassbender,role,male,irish,supporting,nominated,,,,,,,,
Periodic table,electrons,mendeleev,chemical,properties,group,,,,,,,,
Belgium,netherlands,waffles,german,brussels,dutch,,,,,,,,
Keanu Reeves,matrix,actor,movie,neo,male,,,,,,,,
Walt Disney,short,california,imagination,cartoons,animation,,,,,,,,
John Lennon,album,england,peace,band,mccartney,,,,,,,,
Anne Frank,jewish,writers,family,german,van pels,,,,,,,,
Kwanzaa,heritage,swahili,symbols,karenga,celebrate,,,,,,,,
Kanye West,yeezy,college,chicago,artists,music,,,,,,,,
Love,relationship,venus,cupid,attachment,romantic,,,,,,,,
Nut,culinary,hazel,walnuts,pine,edible,,,,,,,,
LeBron James,the decision,miami heat,player,team,cleveland,,,,,,,,
Chickpea,plants,flour,eaten,hummus,chana,,,,,,,,
New York,immigration,albany,hudson,largest,long island,,,,,,,,
Adele,award,music,song,singer,awards,,,,,,,,
Madonna,songs,billboard,artist,female,vogue,,,,,,,,
Elijah Wood,frodo baggins,lord of the rings,young,film,cast,,,,,,,,
Theodore Roosevelt,states,teddy,american,party,new york,,,,,,,,
Paris Hilton,heiress,role,female,hotel,american,,,,,,,,
Spam,china,unsourced,messages,internet,mail,,,,,,,,
Philadelphia,1776,freedom,delaware,pennsylvania,city,,,,,,,,
Window,curtain,door,building,panes,light,,,,,,,,
11-Sep,terrorism,pentagon,tower,al qaeda,hijackers,,,,,,,,
Vegetable,green,edible,dietary,food,culinary,,,,,,,,
Michelangelo,renaissance,lorenzo,basilica,sistine,figures,,,,,,,,
Los Angeles,hollywood,downtown,southern,lakers,california,,,,,,,,
Home Alone,chicago,movies,burglar,marv,family,,,,,,,,
Food,diet,types,raw,animal,preparation,,,,,,,,
Batman,gotham city,joker,comic,robin,character,,,,,,,,
Virginia,governor,commonwealth,richmond,washington,state,,,,,,,,
Game of Thrones,novels,fire,fantasy,martin,television,,,,,,,,
Germany,west,east,rhine,europe,empire,,,,,,,,
Paul Rudd,movie,television,american,anchorman,episode,,,,,,,,
Compiler,machine,level,program,source,analysis,,,,,,,,
Stephen Hawking,medal,black hole,physics,theory,universe,,,,,,,,
Meat,processed,production,cattle,food,beef,,,,,,,,
Linux,unix,distribution,desktop,open source,free,,,,,,,,
Hawaii,beach,honolulu,islands,state,aloha,,,,,,,,
Oatmeal,bran,cereals,grain,plants,soluble,,,,,,,,
Christmas tree,holiday,spruce,pine,decorated,fir,,,,,,,,
Tom Brady,quarterback,record,career,yards,super bowl,,,,,,,,
Wi-Fi,security,radio,antenna,alliance,device,,,,,,,,
Minecraft,video,player,items,blocks,playstation,,,,,,,,
Coca-Cola,advertising,soft,caffeine,drink,bottle,,,,,,,,
Meningitis,antibiotics,disease,brain,meningococcal,blood,,,,,,,,
Computer virus,microsoft,system,security,code,operating,,,,,,,,
Google,internet,products,service,billion,advertising,,,,,,,,
Arnold Schwarzenegger,republican,hollywood,maria shriver,bodybuilding,governor,,,,,,,,
Ada Lovelace,women,analytical,computer,engine,babbage,,,,,,,,
Egypt,nile,alexandria,desert,country,suez canal,,,,,,,,
George VI,elizabeth,queen,princess,grand,albert,,,,,,,,
Antarctica,ozone,polar,sheet,pole,land,,,,,,,,
Korean War,soldiers,38th parallel,china,south,soviet,,,,,,,,
Earth,life,land,plate,water,solar,,,,,,,,
Copenhagen,frederiksberg,europe,museum,church,denmark,,,,,,,,
Dementia,syndrome,age,symptoms,mental,brain,,,,,,,,
Cloud,cirrus,precipitation,high,low,air,,,,,,,,
French Revolution,constitution,liberty,louis,republic,king,,,,,,,,
Nicki Minaj,rapper,billboard,album,female,pink,,,,,,,,
Religion,mosque,church,temple,catholicism,god,,,,,,,,
Twilight (series),jacob,forks,dawn,novel,vampire,,,,,,,,
Down syndrome,hearing,screening,trisomy,age,diagnosis,,,,,,,,
Mad Men,weiner bros,show,television,sterling cooper,series,,,,,,,,
Agnosticism,belief,christian,religious,atheism,existence,,,,,,,,
Thomas Jefferson,slaves,congress,united states,president,virginia,,,,,,,,
Bradley Cooper,film,movie,hangover,male,actor,,,,,,,,
Spice,dried,ginger,seed,powder,trade,,,,,,,,
Netherlands,europe,north,islands,amsterdam,republic,,,,,,,,
Tuberculosis,test,hiv,health,risk,treatment,,,,,,,,
Apartheid,anc,homelands,racial,coloured,white,,,,,,,,
Apple Inc.,products,macintosh,ipod,store,ipad,,,,,,,,
Karl Marx,frederick,class,socialism,manifesto,communist,,,,,,,,
"Robert Downey, Jr.",movie,male,role,actor,film,,,,,,,,
Photosynthesis,plant,cycle,energy,oxygen,water,,,,,,,,
Instagram,facebook,services,filters,phone,sharing,,,,,,,,
Winter solstice,midwinter,astronomical,festivals,day,hemisphere,,,,,,,,
Metallica,kirk hammett,cliff burton,death magnetic,studio,guitar,,,,,,,,
Jupiter,red,hydrogen,spot,mass,orbit,,,,,,,,
Sigmund Freud,psychology,ego,id,press,unconscious,,,,,,,,
Charles Dickens,great expectations,author,english,characters,novels,,,,,,,,
iPad,ios,model,cellular,screen,mini,,,,,,,,
Will Smith,gettin' jiggy,fresh prince,jada,american,star,,,,,,,,
Spider-Man,comic,stan lee,gwen stacy,mary jane,peter parker,,,,,,,,
Wikipedia,project,encyclopedia,foundation,editions,wales,,,,,,,,
France,louis,bonjour,country,republic,europe,,,,,,,,
Sydney,street,bureau,park,theatre,harbour,,,,,,,,
Android,code,kernel,source,hardware,applications,,,,,,,,
Pi,irrational,series,number,mathematics,infinite,,,,,,,,
Pea,vegetable,food,fresh,split,eaten,,,,,,,,
Meme,reddit,funny,troll,ideas,internet,,,,,,,,
Godzilla,appearance,portrayed,king,film,nuclear,,,,,,,,
New York City,wall street,metropolitan,population,brooklyn,cities,,,,,,,,
Water,food,chemical,oxygen,liquid,surface,,,,,,,,
Amazon.com,service,business,products,jeff bezos,company,,,,,,,,
Fibonacci number,golden,prime,mathematics,ratio,sum,,,,,,,,
Vietnam War,troops,south,viet cong,forces,ho chi minh,,,,,,,,
Mike Tyson,ring,sports,round,holyfield,win,,,,,,,,
Abraham Lincoln,confederate,party,war,ulysses s. grant,president,,,,,,,,
Kurt Cobain,star,teen spirit,rock,band,courtney love,,,,,,,,
Standard deviation,average,data,random,values,distribution,,,,,,,,
Hospitality,southern,needing,industry,host,lacking,,,,,,,,
Winston Churchill,england,leader,british,World War 2,prime minister,,,,,,,,
Mark Zuckerberg,CEO,company,college,internet,social network,,,,,,,,
R. Kelly,music,male,song,closet,ignition,,,,,,,,
Computer,modern,languages,stored,architecture,instructions,,,,,,,,
Sherlock,doyle,mark,watson,doctor,television,,,,,,,,
Ivy League,sports,columbia,cornell,brown,college,,,,,,,,
Jason Statham,british,fast and furious,crank,english,film,,,,,,,,
Warren Buffett,rich,investment,omaha,company,business,,,,,,,,
Autism,behavior,syndrome,diagnosis,brain,social,,,,,,,,
Superman,lex luther,smallville,lois lane,characters,clark kent,,,,,,,,
Adriana Lima,alessandra,brazilian,fashion,model,victoria's secret,,,,,,,,
Ben Affleck,male,matt damon,movie,american,award,,,,,,,,
The Big Bang Theory,howard,episode,amy,series,penny,,,,,,,,
Garth Brooks,songwriter,singer,oklahoma,album,music,,,,,,,,
Bipolar disorder,diagnosis,symptoms,mood,depression,manic,,,,,,,,
Ireland,europe,britain,dublin,beer,republic,,,,,,,,
Drake (rapper),toronto,take care,billboard,money,album,,,,,,,,
Kendrick Lamar,california,hip hop,rapper,song,duckworth,,,,,,,,
USB,micro,bus,cable,plug,bandwidth,,,,,,,,
Chicago,lake shore,united center,university,north side,millenium park,,,,,,,,
Greenhouse gas,climate,methane,change,energy,atmosphere,,,,,,,,
California,west,water,coast,los angeles,largest,,,,,,,,
Watt,kilo,mega,energy,units,power,,,,,,,,
Thailand,royal,economy,kingdom,country,southeast,,,,,,,,
Berlin Wall,western,fall,eastern,allied,soviet,,,,,,,,
George Clooney,oceans eleven,golden globe,film,academy,award,,,,,,,,
Macaulay Culkin,american,michael jackson,movie,home alone,amp,,,,,,,,
Poland,soviet,slavic,country,war,europe,,,,,,,,
Andy Warhol,artist,paintings,pop,new york,factory,,,,,,,,
The Nutcracker,russian,orchestra,sugar plum fairy,music,dance,,,,,,,,
"Washington, D.C.",capital,states,federal,congress,columbia,,,,,,,,
Snapchat,disappear,images,sent,photos,company,,,,,,,,
SpongeBob SquarePants,animation,show,sea,animated,patrick,,,,,,,,
Leonardo da Vinci,inventor,drawings,paintings,milan,verrocchio,,,,,,,,
Schizophrenia,psychosis,treatment,diagnosis,medication,psychotic,,,,,,,,
Futurama,animated,philip fry,show,bender,comedy central,,,,,,,,
Bill Gates,software,CEO,ibm,melinda,computer,,,,,,,,
Taiwan,president,political,government,mainland,island,,,,,,,,
Al Capone,torrio,brooklyn,massacre,alcatraz,prohibition,,,,,,,,
Fifty Shades of Grey,series,novels,bdsm,fan,trilogy,,,,,,,,
Sandra Bullock,box office,film,blind side,gravity,award,,,,,,,,
Italy,empire,gdp,roman,europe,rome,,,,,,,,
Frank Sinatra,album,nancy,legend,career,actor,,,,,,,,
Modern Family,ratings,comedy,abc,television,show,,,,,,,,
Charles Darwin,finch,society,man,ideas,evolution,,,,,,,,
Hinduism,india,dharma,yoga,karma,god,,,,,,,,
Narcissism,social,psychology,disorder,personality,self,,,,,,,,
Israel,relations,tel aviv,gaza,hebrew,palestine,,,,,,,,
Dr. Dre,artists,produced,mentor,records,snoop dogg,,,,,,,,
Jackie Chan,actor,action,martial arts,nominated,chinese,,,,,,,,
Ashton Kutcher,actor,american,male,punkd,that 70s show,,,,,,,,
Bean,seeds,dry,plants,corn,food,,,,,,,,
Nineteen Eighty-Four,oceania,dystopia,war,ministry,big brother,,,,,,,,
Miley Cyrus,MTV VMAs,pop,billboard,song,single,,,,,,,,
Pasta,egg,ingredients,italy,sauce,dough,,,,,,,,
Ryan Gosling,the notebook,man,actor,micky mouse club,film,,,,,,,,
Operating system,linux,file,hardware,unix,program,,,,,,,,
Jakarta,port,dutch,international,asia,museum,,,,,,,,
John F. Kennedy,brother,administration,nuclear,assasination,civil rights,,,,,,,,
Christian Bale,english,male,role,film,actor,,,,,,,,
Dinosaur,bone,modern,species,fossil,cretaceous,,,,,,,,
American Revolutionary War,patriot,freedom,independence,washington,battle,,,,,,,,
Capitalism,value,social,state,political,labor,,,,,,,,
Soviet Union,communist,war,russia,party,stalin,,,,,,,,
Houston,astros,airport,rockets,NASA,south,,,,,,,,
Blogger,post,buzz,mobile,users,blogspot,,,,,,,,
Christopher Columbus,1492,america,india,island,governor,,,,,,,,
United Kingdom,welsh,britain,northern,england,wales,,,,,,,,
Iceland,expedition,island,countries,norse,country,,,,,,,,
Henry VIII,mary,france,ireland,marriage,cromwell,,,,,,,,
Edgar Allan Poe,boston,poems,works,raven,literary,,,,,,,,
Mistletoe,seeds,branch,kiss,berries,christmas,,,,,,,,
Ramesses II,tomb,king,temple,battle,pharaoh,,,,,,,,
Bitcoin,payment,virtual,financial,transactions,money,,,,,,,,
Crime,statements,state,justice,against,legal,,,,,,,,
Mahatma Gandhi,movement,hindu,independence,british,nonviolence,,,,,,,,
Coen brothers,won,academy,producers,award,film,,,,,,,,
Vladimir Putin,medvedev,moscow,soviet,prime minister,president,,,,,,,,
Internet,software,computer,users,protocol,world wide web,,,,,,,,
San Francisco,market,mission,north,golden gate,california,,,,,,,,
American Civil War,virginia,secession,emancipation,states,battle,,,,,,,,
Paul McCartney,john lennon,england,ringo starr,band,george harrison,,,,,,,,
Raven,magpie,bird,food,species,crow,,,,,,,,
Angelina Jolie,role,movie,golden globe,film,actress,,,,,,,,
Flour,rye,grain,protein,gluten,bread,,,,,,,,
Football,quarterback,play,league,field,line,,,,,,,,
YouTube,internet,users,google,site,content,,,,,,,,
Prohibition,liquor,consumption,temperance,act,dry,,,,,,,,
Quinoa,agriculture,value,wild,species,plant,,,,,,,,
Heroin,addicts,injection,users,overdose,opium,,,,,,,,
Berkeley,hall,universities,students,school,college,,,,,,,,
Inception,thief,box office,dom cobb,film,dream,,,,,,,,
World Wide Web,information,hypertext,browser,http,server,,,,,,,,
David Beckham,real madrid,manchester,team,player,club,,,,,,,,
Jamaica,independence,west,bay,kingston,british,,,,,,,,
Barack Obama,joe biden,hilary clinton,illinois,president,senate,,,,,,,,
Vin Diesel,award,producer,film,actors,furious,,,,,,,,
England,royal,wales,britain,london,united kingdom,,,,,,,,
New Zealand,february,culture,islands,ministry,island,,,,,,,,
Jimmy Carter,bush,election,governor,democratic,peace,,,,,,,,
Pakistan,military,region,power,muslim,country,,,,,,,,
Kim Jong-un,workers,dictator,Kim Jong-il,Kim Il-sung,supreme,,,,,,,,
Amino acid,synthesis,chain,cell,biology,protein,,,,,,,,
Bait,small,rig,fly,shark,rod,,,,,,,,
The Rolling Stones,blues,rock,bill wyman,london,album,,,,,,,,
The Hunger Games,author,tributes,peeta,capitol,book,,,,,,,,
Fidel Castro,communist,batista,revolution,socialist,president,,,,,,,,
John Cena,feud,defeated,wrestling,raw,championship,,,,,,,,
Kenan Thompson,guest,saturday night live,episodes,kel,atlanta,,,,,,,,
Honey,beekeeping,glucose,sugar,sticky,food,,,,,,,,
London,westminster,thames,royal,city,england,,,,,,,,
Selfie,photo,art,mirror,portraits,color,,,,,,,,
Lil Wayne,musician,rapper,cash,single,young,,,,,,,,
Vincent van Gogh,gauguin,paris,dutch,museum,art,,,,,,,,
Java,colonial,islamic,jakarta,rice,island,,,,,,,,
Bangladesh,asia,government,country,pakistan,region,,,,,,,,
Democracy,elections,university,government,rule,citizens,,,,,,,,
Entertainment,music,performance,press,games,theatre,,,,,,,,
Peanut,nut,allergy,roasted,butter,oil,,,,,,,,
Ugg boots,brand,new zealand,fashion,footwear,shoes,,,,,,,,
Mars,atmosphere,rover,water,martian,surface,,,,,,,,
How I Met Your Mother,robin,episode,bays,barney,final,,,,,,,,
Methamphetamine,psychosis,acid,withdrawal,effects,drug,,,,,,,,
Macklemore,rapper,song,thrift shop,heist,hip hop,,,,,,,,
Singapore,government,language,economy,world,english,,,,,,,,
Global warming,increased,mean,changes,temperatures,effects,,,,,,,,
Scarlett Johansson,movie,reviews,critics,role,actress,,,,,,,,
Gelatin,food,material,products,animal,fat,,,,,,,,
Facebook,million,like,profile,website,privacy,,,,,,,,
Alexander the Great,macedonian,death,king,empire,persian,,,,,,,,
Teenage Mutant Ninja Turtles,raphael,action,michelangelo,episodes,comic,,,,,,,,
Pablo Picasso,cubism,artists,painting,paris,museum,,,,,,,,
Tupac Shakur,rap,west coast,notorious big,hip hop,death,,,,,,,,
Genghis Khan,china,father,dynasty,mongolia,temujin,,,,,,,,
Scientology,spiritual,organization,auditing,dianetics,religion,,,,,,,,
Sweden,denmark,scandinavia,king,europe,country,,,,,,,,
Family Guy,characters,griffin,animated,season,television,,,,,,,,
Anime,characters,style,genres,art,manga,,,,,,,,
Russia,europe,asia,putin,world,country,,,,,,,,
Santa Claus,tradition,presents,dutch,father,gifts,,,,,,,,
Pollution,human,control,contamination,chemical,environment,,,,,,,,
Vegetable oil,fat,extraction,food,acid,hydrogenated,,,,,,,,
Greek alphabet,symbol,unicode,sound,latin,vowel,,,,,,,,
Mona Lisa,museum,portrait,art,woman,louvre,,,,,,,,
Pink Floyd,the wall,richard wright,nick mason,syd barrett,album,,,,,,,,
Lion,africa,lioness,male,species,cubs,,,,,,,,
Breaking Bad,hank,meth,gus,walt,television,,,,,,,,
Japan,china,military,okinawa,nippon,islands,,,,,,,,
Lentil,rice,starch,protein,food,nutritional,,,,,,,,
Sriracha sauce,foods,sauce,cuisine,curry,asian,,,,,,,,
Leonardo DiCaprio,gilbert grape,titanic,inception,los angeles,golden globe,,,,,,,,
Lobotomy,medical,lobes,psychosurgery,procedure,mental,,,,,,,,
Daft Punk,grammy,electronic,awards,bangalter,album,,,,,,,,
Psychology,social,clinical,mental,methods,human,,,,,,,,
Asperger syndrome,behavior,symptoms,spectrum,social,children,,,,,,,,
Solar System,mars,saturn,neptune,orbit,jupiter,,,,,,,,
Scotland,north,edinburgh,glasgow,england,parliament,,,,,,,,
Dairy,food,yogurt,butter,cheese,whey,,,,,,,,
Barley,wheat,plant,grain,malting,straw,,,,,,,,
Friday the 13th,cycle,months,superstitions,unlucky,superstition,,,,,,,,
Harry Potter,ron weasley,hermoine,dumbledore,hogwarts,voldemort,,,,,,,,
George Washington,slaves,president,congress,french,british,,,,,,,,
Gross domestic product,country,national,goods,production,economic,,,,,,,,
Finance,behavioral,planning,economics,corporate,market,,,,,,,,
Bali,population,road,foreign,hindu,isbn,,,,,,,,balinese
Pickling,preservation,cucumbers,vinegar,cabbage,peppers,,,,,,,,
Assassin's Creed,memories,games,brotherhood,animus,player,,,,,,,,
Joseph Gordon-Levitt,summer,inception,jewish,american,film,,,,,,,,
Lindsay Lohan,mean girl,actress,nominated,movie,teen,,,,,,,,
Puerto Rico,united states,caribbean,commonwealth,san juan,island,,,,,,,,
Morgan Freeman,american,film,tennessee,directors,award,,,,,,,,
NBA,championship,season,lakers,finals,player,,,,,,,,
Pearl Harbor,navy,fleet,damaged,war,wave,,,,,,,,
Bread,crust,water,sourdough,bake,made,,,,,,,,
DNA,these,structure,called,bases,genetic,,,,,,,,base
Columbine,cafeteria,shooting,library,students,school,,,,,,,,
Chinese New Year,spring,traditional,china,firecrackers,february,,,,,,,,
Pneumonia,streptococcus,influenza,respiratory,viral,symptoms,,,,,,,,
Switzerland,europe,council,geneva,french,german,,,,,,,,
Joseph Stalin,eastern,central,order,lenin,party,,,,,,,,
Wolfgang Amadeus Mozart,father,composer,opera,works,composers,,,,,,,,
Star Wars,clone,darth vader,empire,luke skywalker,films,,,,,,,,
Malcolm X,shabazz,civil rights,african,black panthers,muhammad,,,,,,,,
Gold,coin,silver,alloys,mercury,metal,,,,,,,,
Uruguay,brazil,country,spanish,south america,argentina,,,,,,,,
Twitter,social,messages,jack dorsey,internet,service,,,,,,,,
Africa,central,southern,egypt,continent,north,,,,,,,,
Roman numerals,symbols,arabic,latin,numbers,clock,,,,,,,,
Paul Walker,american,conner,brian,episode,california,,,,,,,,
George W. Bush,republican,approval,11-Sep,iraq,texas,,,,,,,,
Kim Jong-il,foreign,pyongyang,leader,korean,north korea,,,,,,,,
Cold War,revolution,berlin,nuclear,europe,stalin,,,,,,,,
Boxing Day,retailers,canada,sales,december,christmas,,,,,,,,
Industrial Revolution,conditions,power,water,production,engine,,,,,,,,
Steve Jobs,california,disney,pixar,ceo,steve wozniak,,,,,,,,
Blog,links,journalism,news,political,personal,,,,,,,,
Doctor Who,show,time travel,telephone booth,daleks,broadcast,,,,,,,,
Audrey Hepburn,role,film,academy,unicef,award,,,,,,,,
Kesha,jack daniels,song,singer,rock,animal,,,,,,,,
Ronald Reagan,campaign,nancy,tax,actor,cold war,,,,,,,,
United Nations,organization,secretary,member,peacekeeping,security,,,,,,,,
Marilyn Monroe,los angeles,president,norma jeane,film,blonde,,,,,,,,
Mount Everest,himalayas,expedition,nepal,base,mountain,,,,,,,,
RMS Titanic,sinking,star,aboard,lifeboats,crew,,,,,,,,
Bruno Mars,singer,artist,music,song,album,,,,,,,,
Justin Bieber,song,never say never,believe,belieber,album,,,,,,,,
Zooey Deschanel,award,film,american,comedy,summer,,,,,,,,
Philippines,asia,filipino,islands,country,manila,,,,,,,,
Parks and Recreation,nbc,series,show,leslie knope,comedy,,,,,,,,
Rebecca Black,single,youtube,factory,katy perry,pop,,,,,,,,
Baking,hot,pastry,frying,goods,food,,,,,,,,
Netflix,subscribers,company,video,rental,dvd,,,,,,,,
Quentin Tarantino,django unchained,pulp fiction,nominated,award,kill bill,,,,,,,,
North Korea,japanese,country,china,nuclear,peninsula,,,,,,,,
Lady Gaga,tour,monster,lgbt,fashion,pop,,,,,,,,
Bob Barker,daytime,host,price is right,show,game,,,,,,,,
Demi Moore,bruce willis,movie,film,ashton kutcher,actress,,,,,,,,
Robert De Niro,academy,martin scorsese,film,award,actor,,,,,,,,
Adam Sandler,american,jewish,film,actors,male,,,,,,,,
Carrie Underwood,music,top,album,awards,artist,,,,,,,,
Great Depression,money,bank,prices,recession,recovery,,,,,,,,
Climate change,science,sea,global,ocean,temperature,,,,,,,,
Illuminati,organizations,theory,order,secret,conspiracy,,,,,,,,
American Horror Story,retrieved,ryan,october,lange,television,,,,,,,,
Cuba,press,states,havana,latin,caribbean,,,,,,,,
fawn,brown,Bambi,doe,young,deer,,,,,,,,
skis,crosscountry,snowboard,snow,snowplow,mountain,,,,,,,,
allergy,cats,watery eyes,pollen,cough,sneeze,,,,,,,,
month,day,calendar,bills,period,time,,,,,,,,
alien,foreign,species,human,world,outer space,,,,,,,,
straws,suction,hay,drink,sucking,tube,,,,,,,,
Olympics,medals,games,host,flames,athlete,,,,,,,,
skin,epidermis,tan,flesh,color,body,,,,,,,,
moon,NASA,star,orbit,tide,Earth,,,,,,,,
milk,lactose,dairy,cow,cream,white,,,,,,,,
apartment,rent,live,room,building,home,,,,,,,,
lyrics,music,lookup,words,song,poetry,,,,,,,,
electricity,electrons,charge,lightning,outlet,conducts,,,,,,,,
father,mother,dad,papa,male,parent,,,,,,,,
Evil,hell,devil,exorcised,good,witches,,,,,,,,
tail,bone,balance,limb,cat,dog,,,,,,,,
abode,home,house,nomadic,residence,kingdom,,,,,,,,
fax,phone,send,document,email,machine,,,,,,,,
smartphone,blackberry,android,computer,iPhone,phone,,,,,,,,
garden,trees,flowers,house,yard,plants,,,,,,,,
dessert,sweet,dinner,after,cookies,cake,,,,,,,,
oceans,Pacific,Atlantic,continent,water,sea,,,,,,,,
rhyme,lines,poems,correspondence,sound,endings,,,,,,,,
eyelashes,FALSE,bat,eyes,hairs,lash,,,,,,,,
fat,fries,unhealthy,food,saturated,trans,,,,,,,,
spoon,liquid,utencil,spork,knife,fork,,,,,,,,
diary,private,day,record,write,notebook,,,,,,,,
jack,points,man,divided,raise,key,,,,,,,,
cook,baker,profession,heat,food,chef,,,,,,,,
fur,dogs,animals,skin,coat,hair,,,,,,,,
Mesopotamia,ferticle crescent,tigris,iraq,babylonia,civilization,,,,,,,,
matrices,brackets,numbers,multiplication,addition,linear algebra,,,,,,,,
school,student,education,universty,graduate,college,,,,,,,,
parrot,tropics,speek,colors,echo,bird,,,,,,,,
tricycle,three,wheel,bicycle,cycle,unicycle,,,,,,,,
knight,chivalry,warrior,medieval,suit,armor,,,,,,,,
gum,spearmint,pack,mint,swallow,resin,,,,,,,,
dinosaur,extinct,T-Rex,enormous,animal,comet,,,,,,,,
sand,desert,dunes,glass,grain,beach,,,,,,,,
saxophone,woodwind,keys,jazz,reed,instrument,,,,,,,,
math,equations,numbers,science,subject,school,,,,,,,,
sidewalk,shoulder,crosswalk,pedestrians,road,walking,,,,,,,,
sewage,sanitation,waste,underground,toilet,sewer,,,,,,,,
NPR,listen,Ira Glass,radio,national,public,,,,,,,,
Mecca,pilgrimage,pray,Hijra,mosque,Muhammad,,,,,,,,
doorbell,sound,bell,arrival,building,house,,,,,,,,
attic,space,storage,room,building,top,,,,,,,,
tea,leaves,green,calm,cup,brewing,,,,,,,,
bacon,eggs,cured,pork,fat,pig,,,,,,,,
sabbath,religous,worship,sunday,saturday,evening,,,,,,,,
nail,stud,finger,haystack,wall,hammer,,,,,,,,
invention,scientific,original,process,concept,patent,,,,,,,,
video,camera,image,screen,stream,audio,,,,,,,,
hummingbird,flowers,fast,small,wings,bird,,,,,,,,
download,music,movie,data,copy,disk,,,,,,,,
acid,burn,chemistry,pH,base,trip,,,,,,,,
pajamas,comfy,wear,sleep,pants,bed,,,,,,,,
port,coast,cargo,harbor,docks,ships,,,,,,,,
chalk,crayon,drawing,writing,blackboard,board,,,,,,,,
LSD,flashbacks,acid,hallucinogens,drop,trip,,,,,,,,
checkers,game,kings,black,white,Chess,,,,,,,,
clock,hours,second,minutes,time,ticks,,,,,,,,
sun,heat,light,orbit,tanning,star,,,,,,,,
orchestra,conductor,string,symphony,music,instrument,,,,,,,,
caffeine,four loko,tea,chemcial,stimulant,soda,,,,,,,,
poison,death,fangs,chemical,sting,spider,,,,,,,,
uniform,school,work,same,hats,clothing,,,,,,,,
Amazon,South America,colombia,river,tropical,rainforest,,,,,,,,
nurse,medicine,health,hospital,care,doctor,,,,,,,,
America,North,United States,continent,Canada,indians,,,,,,,,
herb,garden,rosemary,plant,basil,cooking,,,,,,,,
kangaroo,kick,hop,Australia,animal,pouch,,,,,,,,
suicide,murder,overdose,oneself,kill,death,,,,,,,,
baseball,sport,ball,mlb,pitcher,pastime,,,,,,,,
pancake,breakfast,batter,waffle,cake,flat,,,,,,,,
earthquake,tectonic,California,vibration,earth,shake,,,,,,,,
vinegar,basalmic,fermantation,acetic,pickling,sour,,,,,,,,
bathtub,sit,clean,bathroom,water,shower,,,,,,,,
daughter,woman,girl,female,progeny,child,,,,,,,,
vegetarian,vegan,meat,animal,omnivore,diet,,,,,,,,
casino,building,poker,bet,gambling,Las Vagas,,,,,,,,
oar,row,wood,water,boat,paddle,,,,,,,,
smoke,cigarette,fire,blowing,fumes,puff,,,,,,,,
jaw,bones,chin,face,hinge,mouth,,,,,,,,
Arabic,speak,Middle East,translations,language,Quran,,,,,,,,
pillow,blanket,cushion,head,bed,sleep,,,,,,,,
homecoming,awkward,university,dance,school,queen,,,,,,,,
love,Valentines,spouse,kiss,romance,heart,,,,,,,,
acorn,tree,nut,oak,fall,fruit,,,,,,,,
family,parents,siblings,people,blood,house,,,,,,,,
soybeans,edamame,seeds,plant,beans,sprout,,,,,,,,
tuxedo,suit,jacket,clothes,black,wedding,,,,,,,,
kayak,river,lake,water,canoe,solo,,,,,,,,
Hindi,Urdu,northern,spoken,language,India,,,,,,,,
touchdown,ball,ground,goal,score,football,,,,,,,,
mosque,religion,Islam,imams,prayers,mihrab,,,,,,,,
landscape,countryside,painting,pastoral,portrait,art,,,,,,,,
metaphor,book,figurative,similie,device,literary,,,,,,,,
hippie,anti-war,hipster,subculture,free love,70s,,,,,,,,
ladybugs,wings,insect,black,red,spot,,,,,,,,
hospital,surgery,nurses,doctors,health,medicine,,,,,,,,
canoe,water,kayak,row,boat,paddle,,,,,,,,
pearl,oyster,clam,mollusc,necklace,white,,,,,,,,
jam,toast,mashed,fruit,spread,preserve,,,,,,,,
music,radio,sound,play,dance,songs,,,,,,,,
somersault,gymnastics,movement,tumbled,headed,turned,,,,,,,,
passport,foreign,travel,visa,photo,citizenship,,,,,,,,
homework,study,home,work,high school,schoolwork,,,,,,,,
limousine,stretch,black,expensive,driver,taxi,,,,,,,,
lungs,trachea,oxygen,air,breath,cough,,,,,,,,
incumbent,current,sitting,election,office,Barack Obama,,,,,,,,
waterski,towed,water,skim,surface,ski,,,,,,,,
envelope,stamp,paper,mail,address,letter,,,,,,,,
dishwasher,machine,washing,sink,dish,clean,,,,,,,,
chocolate,candy,brown,kiss,box,bar,,,,,,,,
downtown,skyline,clubs,nightlife,city,skyscraper,,,,,,,,
glass,materiarl,sand,drinking,blow,window,,,,,,,,
flag,pole,wave,nation,country,American,,,,,,,,
train,passenger,freight,Amtrak,conductor,rails,,,,,,,,
savior,saves,Jesus,figure,Messiah,god,,,,,,,,
olive,garden,martini,oil,green,black,,,,,,,,
harvest,food,farm,gathering,crops,fall,,,,,,,,
gills,oxygen,lungs,underwater,breahte,fish,,,,,,,,
logarithm,function,growth,base,number,exponential,,,,,,,,
account,bank,deposit,balance,credit,open,,,,,,,,
wool,sheep,spin,mill,fabric,sweater,,,,,,,,
salad,ingredients,raw,dressing,green,vegetable,,,,,,,,
car,chase,compact,speed,drive,vehicle,,,,,,,,
earwax,yellow,inside,protective,ear,wax,,,,,,,,
flu,sneeze,cough,illness,influenza,sick,,,,,,,,
soup,cream,drink,hot,liquid,chicken noodle,,,,,,,,
Orion,sky,belt,stars,constellation,hunters,,,,,,,,
Afro,disco,Nefertiti,Ethiopia,hair,hairstyle,,,,,,,,
coffin,cemetary,graves,buried,dead,box,,,,,,,,
history,time,events,subject,school,past,,,,,,,,
heart,artery,chest,surgery,love,organ,,,,,,,,
shark,fish,swim,beach,bite,animal,,,,,,,,
hamburger,ham,McDonalds,beef,bun,burger,,,,,,,,
pawn,sacrifice,piece,promote,move,first,,,,,,,,
frogs,water,lillypads,ribbit,hop,frogger,,,,,,,,
calories,exercise,health,nutrition,energy,burn,,,,,,,,
tax,sales,income,exempt,deductible,levy,,,,,,,,
parachute,fall,sky,jump,airplane,drop,,,,,,,,
pond,fish,ocean,sea,water,lake,,,,,,,,
cows,domesticated,pasture,female,milk,animal,,,,,,,,
pelvis,abdomen,bones,legs,humans,hip,,,,,,,,
airplane,Wright brothers,travel,sky,air,fly,,,,,,,,
scar,plastic surgery,skin,mark,injury,left,,,,,,,,
icing,baking,decoration,frosting,cupcakes,cakes,,,,,,,,
afterlife,heaven,religions,dead,life,passed,,,,,,,,
freezer,refrigerator,freezing,ice,cold,compartments,,,,,,,,
ivy,poison,plants,grapes,league,climbing,,,,,,,,
sword,cut,blade,gun,weapon,knife,,,,,,,,
beach,swim,ocean,water,sand,sun,,,,,,,,
typewriter,keyboard,paper,type,key,return,,,,,,,,
trident,harpoon,three,neptune,spear,poseidon,,,,,,,,
laundry,hamper,clothesline,dry,clothing,wash,,,,,,,,
horizon,earth,horizontal,sun,sunset,dawn,,,,,,,,
tattoo,designs,black,parlor,skin,ink,,,,,,,,
farm,livestock,grow,barn,land,crop,,,,,,,,
ladder,painter,ceiling,roof,climb,steps,,,,,,,,
thunderstorm,rain,thunder,gray,weather,lightning,,,,,,,,
fascism,communism,nationalism,Marxism,Mussolini,right wing,,,,,,,,
perjury,oath,jail,court,punishment,lie,,,,,,,,
coup,army,revolution,force,control,government,,,,,,,,
miners,black lung,strike,pickax,underground,coal,,,,,,,,
softball,baseball,game,women,ball,sport,,,,,,,,
salsa,relishes,latin,music,hot,dance,,,,,,,,
law,rule,moral,government,police,court,,,,,,,,
jellyfish,bell,medusae,umbrella,sting,fish,,,,,,,,
tomato,red,fruit,saurce,soup,marinara,,,,,,,,
light,see,dark,shine,sun,bulb,,,,,,,,
wheelchair,hospital,push,chair,motorized,disability,,,,,,,,
doctor,office,physician,heal,health,medicine,,,,,,,,
exterminator,cockroaches,insects,poison,kill,mice,,,,,,,,
volleyball,beach,spike,sport,ball,net,,,,,,,,
dragon,big,fly,breathe,fire,medieval,,,,,,,,
coal,charcoal,deposit,fire,smoke stacks,energy,,,,,,,,
molasses,thick,syrup,raw,sugar,rum,,,,,,,,
truck,mac,semi,freight,vehicle,transport,,,,,,,,
ambulance,resuscitate,paramedics,medicine,siren,911,,,,,,,,
wolves,moon,howl,predators,dog,pack,,,,,,,,
egg,bird,birth,shell,nest,hen,,,,,,,,
wing,sky,airplane,shoulder,fly,bird,,,,,,,,
mustache,beard,mouth,men,facial,hair,,,,,,,,
Mississippi,delta,Huck Finn,missouri,travel,river,,,,,,,,
pipe,marijuana,tobacco,cigarette,puff,smoke,,,,,,,,
rabbi,Torah,temple,leader,Jewish,priest,,,,,,,,
compass,explorer,instrument,magnetic,points,direction,,,,,,,,
urine,toilet,bathroom,sample,pee,yellow,,,,,,,,
sperm,seed,orgasm,men,testicles,semen,,,,,,,,
embassy,nation,overseas,foreign,ambassador,country,,,,,,,,
dough,leavened,cookie,proved,rise,bread,,,,,,,,
motorcycle,wheels,Harley Davidson,car,ride,bike,,,,,,,,
nitrogen,plants,cycle,earth,air,gas,,,,,,,,
keyboard,mouse,computer,music,key,type,,,,,,,,
demon,hell,fierce,evil,devil,possession,,,,,,,,
police,officer,jail,enforcement,report,law,,,,,,,,
thumb,suck,toe,hand,opposable,finger,,,,,,,,
harmonica,lips,instrument,music,reed,play,,,,,,,,
mistletoe,plant,holidays,Christmas,under,kiss,,,,,,,,
curls,straight,spiral,perm,wave,hair,,,,,,,,
mattress,sleep,foam,box springs,bed,spring,,,,,,,,
fig,ancient,tree,fruit,Fig Newton,leaf,,,,,,,,
acupuncture,therapeutic,mental,asian,hurts,needle,,,,,,,,
Achilles,ulysses,trojan,greek,heel,war,,,,,,,,
holiday,Roman,Christmas,work,Thanksgiving,vacation,,,,,,,,
dolls,house,outfit,pretend,girls,play,,,,,,,,
coffee,Starbucks,break,roasted,caffeine,brewing,,,,,,,,
tourist,sights,vacation,hotel,foreign,visit,,,,,,,,
flour,grain,cakes,dough,white,baking,,,,,,,,
predator,natural selection,kill,animal,hunt,prey,,,,,,,,
academics,education,colleges,scholarship,scholarly,graduate,,,,,,,,
vomit,mouth,stomach,puke,throw,sick,,,,,,,,
Adam,fig leaf,fall,father,apple,Eve,,,,,,,,
hands,claws,clap,fingers,arms,feet,,,,,,,,
shoplifters,goods,customer,shop,buy,steal,,,,,,,,
silver,Ag,fine,precious,metal,gold,,,,,,,,
sleeve,connected,clothing,cuff,shirt,heart,,,,,,,,
oxygen,tank,suffocation,air,lungs,breath,,,,,,,,
opera,browser,orchestra,music,concert,singer,,,,,,,,
testicle,castrate,organ,nut,scrotum,sperm,,,,,,,,
triceps,arm,biceps,back,upper,muscles,,,,,,,,
volcano,tectonic,mountain,crater,lava,erupt,,,,,,,,
pizza,tomato,cheese,pepperoni,Domino's,slices,,,,,,,,
turtle,reptile,tortoise,old,sea,shell,,,,,,,,
adobe,houses,material,clay,building,bricks,,,,,,,,
telescope,Hubble,magnify,lens,glass,space,,,,,,,,
house,family,rooms,bed,live,home,,,,,,,,
emeralds,,gem,Taurus,color,bright,,,,,,,,
spider,insect,arachnid,bite,web,legs,,,,,,,,
Vishnu,arms,Krishna,Hinduism,incarnations,god,,,,,,,,
juggling,throw,catch,entertainment,air,balls,,,,,,,,
Isis,worship,Greece,Egypt,Osiris,goddess,,,,,,,,
disco,music,funk,70s,Bee Gees,Saturday Night Fever,,,,,,,,
agriculture,rural,farm,plants,grow,food,,,,,,,,
sunrise,light,dawn,day,sun,morning,,,,,,,,
harp,love,wires,music,string,intstrument,,,,,,,,
hacker,internet,security,computers,crack,key,,,,,,,,
monocle,gentleman,see,string,one,glass,,,,,,,,
neanderthal,ancestors,homo sapiens,unintelligent,species,man,,,,,,,,
velvet,silk,fabric,brown,soft,underground,,,,,,,,
lipstick,makeup,red,tube,pink,lips,,,,,,,,
armor,vehicle,protection,layer,suit,knight,,,,,,,,
psychic,magic,powers,thinking,fortune,medium,,,,,,,,
diesel,burn,fuel,petroleum,engine,gas,,,,,,,,
venom,animals,snakes,toxin,poison,fangs,,,,,,,,
hill,Capitol,flat,small,top,mountain,,,,,,,,
snowflake,unique,fall,symmetry,snow,flakes,,,,,,,,
internet,broadband,http,online,search,world wide web,,,,,,,,
verdict,jury,convict,judge,court,guilty,,,,,,,,
highway,road,car,traffic,freeway,drive,,,,,,,,
subway,transit,public,train,underground,metro,,,,,,,,
eagle,talons,owl,bald,fly,bird,,,,,,,,
umbrella,protection,shake,pole,dry,rain,,,,,,,,
dictionary,Webster,alphabetical,definitions,lookup,words,,,,,,,,
galaxies,space,Milky Way,planet,universe,stars,,,,,,,,
undo,changes,ctrl+z,cancel,computer,redo,,,,,,,,
pumpkins,fall,pie,Halloween,gourd,orange,,,,,,,,
mime,words,movement,idea,performance,speak,,,,,,,,
cement,stone,limestone,concrete,material,hard,,,,,,,,
grapes,vine,wine,red,white,sour,,,,,,,,
lollipop,lick,Tootsie Pop,stick,candy,suck,,,,,,,,
monkey,trees,evolution,descendant,ape,humans,,,,,,,,
eskimos,north,indians,inuit,canada,greenland,,,,,,,,
underwear,legs,undergarment,drawers,tightie whities,panties,,,,,,,,
waiter,table,tip,restaurant,serve,wait,,,,,,,,
headphones,sound,ears,listen,head,music,,,,,,,,
skateboard,board,wheels,sport,skating,ride,,,,,,,,
ostrich,Africa,egg,neck,bird,long,,,,,,,,
fruit,orange,apple,jelly,seeds,peeled,,,,,,,,
pepperoni,red,sausage,beef,pork,pizza,,,,,,,,
abscess,tissue,lesion,area,infection,drain,,,,,,,,
soda,bottles,carbonated,drink,glass,pop,,,,,,,,
abortion,termination,lobbyists,pregnancy,fetus,embryo,,,,,,,,
castle,moat,building,towers,seige,chess,,,,,,,,
apocalypse,world,catastrophic,destruction,book,revelation,,,,,,,,
Elvis,singer,music,draft dodger,rock n' roll,presley,,,,,,,,
scarf,clothing,wool,cold,neck,wear,,,,,,,,
firefighter,truck,hose,job,extinguish,save,,,,,,,,
hoop,circle,rink,earings,rim,basketball,,,,,,,,
feet,legs,step,hands,toes,walking,,,,,,,,
fantasy,football,dream,pretend,imaginary,books,,,,,,,,
Caribbean,vacation,sea,islands,creole,Central America,,,,,,,,
Hollywood,film,industry,actors,movies,California,,,,,,,,
warts,growth,round,feature,skin,toads,,,,,,,,
mercury,red,temperature,thermometer,poison,planet,,,,,,,,
razor,hair,edge,blade,burn,shave,,,,,,,,
temperature,cold,farenheit,degrees,hot,celsius,,,,,,,,
spinach,Popeye,lettuce,vegetable,baby,green,,,,,,,,
divorce,husband,wife,spouse,separation,affair,,,,,,,,
tusks,ivory,antlers,walrus,long,elephant,,,,,,,,
paint,watercolors,coating,Microsoft,wall,brush,,,,,,,,
leash,park,latch,lead,pet,dog,,,,,,,,
storm,tornado,weather,wind,lightning,thunder,,,,,,,,
moat,,ditch,defense,water,surrounding,,,,,,,,
banana,phone,fruit,yellow,monkey,trees,,,,,,,,
headache,Tylenol,Advil,ache,pain,head,,,,,,,,
murder,premeditated,blood,manslaughter,crime,kill,,,,,,,,
stomach,upset,nervous,hungry,vomit,empty,,,,,,,,
hotel,sleep,stay,night,room,motel,,,,,,,,
dentist,clean,doctor,teeth,cavity,drill,,,,,,,,
flowers,blossom,boquet,florist,colors,smell,,,,,,,,
television,program,show,screen,program,broadcaster,,,,,,,,
Iraq,George Bush,Tigris,Iran,war,Kurdistan,,,,,,,,
iceberg,Artic,Alaska,Titanic,ice,glacier,,,,,,,,
icicle,water,ice,dripping,hanging,stalactites,,,,,,,,
handcuffs,lock,hands,arrested,Police,cuff,,,,,,,,
tree,pine,tall,plant,fruit,branches,,,,,,,,
french fries,fried,potato,fish and chips,hamburger,food,,,,,,,,
bee,honey,fly,sting,hummed,insects,,,,,,,,
exorcism,evil,possessed,movie,remove,devil,,,,,,,,
apples,cider,fruit,tree,bob,sin,,,,,,,,
croissant,crescent,flaky,french,sweet,shaped,,,,,,,,
beard,goats,growth,facial,old,hair,,,,,,,,
coconut,hair,milk,fiber,tropical,palm,,,,,,,,
fashion,style,clothes,runway,hats,model,,,,,,,,
angel,religious,white,god,air,fly,,,,,,,,
tide,flood,ebb,rise,ocean,moon,,,,,,,,
pedestrian,car,crosswalk,sidewalk,walk,drive,,,,,,,,
antarctica,pole,south,snow,continent,cold,,,,,,,,
muscles,exercise,bones,ligaments,contract,tensing,,,,,,,,
graffiti,illegal,wall,writing,drawings,tag,,,,,,,,
rent,musical,lease,payment,apartment,money,,,,,,,,
Sphinx,Cleopatra,Giza,head,Egypt,lion,,,,,,,,
mint,balm,lavender,peppermint,gum,herb,,,,,,,,
calendar,schedule,days,time,years,month,,,,,,,,
Idaho,west,United States,Boise,state,potatoes,,,,,,,,
wink,close,spasm,eye,sleep,nudge,,,,,,,,
spaghetti,marinara,tomato,pasta,noodles,plate,,,,,,,,
cave,men,stalagmite,stalactite,spelunking,hole,,,,,,,,
snow,plow,rain,white,ice,ski,,,,,,,,
sandwiches,cheese,pb&j,lettuce,meat,bread,,,,,,,,
thermometer,farenheit,tube,mercury,bulb,temperature,,,,,,,,
upholstery,sofas,covering,furniture,padded,trim,,,,,,,,
soap,hands,bathe,shower,lathering,washing,,,,,,,,
gravy,cooking,Thanksgiving,cooking,topping,turkey,,,,,,,,
frost,weather,cold,crystals,freeze,ice,,,,,,,,
flute,band,long,music,sound,instrument,,,,,,,,
llamas,domesticated,woolly,camel,wool,grazed,,,,,,,,
cigarette,ligher,lungs,pack,light,smoke,,,,,,,,
moths,light,night,butterflies,insect,white,,,,,,,,
crochet,,yarn,row,knit,needle,,,,,,,,
Abraham,archetypal,covenantal,childless,hebrew,patriarch,,,,,,,,
grave,cemetary,body,dead,digging,burial,,,,,,,,
salary,raise,money,employed,wage,year,,,,,,,,
latex,clothing,condom,synthetic,glove,rubber,,,,,,,,
professor,instructor,tenure,university,college,teacher,,,,,,,,
dog,pet,adopt,bark,tail,cat,,,,,,,,
outhouse,privy,bathroom,building,toilet,outside,,,,,,,,
mammoth,extinct,hair,elephant,iceage,ancient,,,,,,,,
narwhal,tusk,Arctic,whale,sea,horn,,,,,,,,
infielder,pitcher,ball,play,field,baseball,,,,,,,,
wine,grapes,dine,bottle,red,drink,,,,,,,,
salt,sea,shaker,deposit,season,pepper,,,,,,,,
sunset,dusk,light,day,sun,evening,,,,,,,,
golf,course,ball,fore!,club,sport,,,,,,,,
pope,leader,religion,cardinal,Catholic,Vatican,,,,,,,,
hunger,stomach,thirsty,famine,eat,food,,,,,,,,
stool,sit,bar,back,higher,seat,,,,,,,,
tequila,liquor,agave,margarita,mexican,alcohol,,,,,,,,
queen,crown,princess,England,royalty,king,,,,,,,,
recipe,paper,book,ingredients,directions,cook,,,,,,,,
tranquilizer,sleep,shoot,animals,drug,gun,,,,,,,,
vacancy,room,space,motel,empty,hotel,,,,,,,,
radio,station,listen,music,program,broadcaster,,,,,,,,
greenhouse,building,glass,gases,growing,light,,,,,,,,
nephew,uncle,family,sister,brother,son,,,,,,,,
chicken,meat,hen,breast,cooked,thighs,,,,,,,,
valet,restaurant,attendant,guests,park,car,,,,,,,,
toast,butter,heat,oven,drinking,bread,,,,,,,,
dice,cube,sides,six,gamble,roll,,,,,,,,
menu,pick,choices,eat,food,restaurant,,,,,,,,
treasure,pirates,gold,buried,valuable,chest,,,,,,,,
stamps,cents,payment,envelope,mail,postage,,,,,,,,
cupid,baby,naked,bow,eros,winged,,,,,,,,
sugar,artifical,cane,candy,sweet,baking,,,,,,,,
fossils,ground,dinosaurs,archeologists,bones,dead,,,,,,,,
wood,material,knock,stick,board,lumber,,,,,,,,
germs,hand sanitizer,Purell,microorganism,bacteria,sick,,,,,,,,
stain,dye,color,spill,marks,spot,,,,,,,,
rice,asia,sushi,fried,paddies,cook,,,,,,,,
goalie,defend,protect,goal,socker,hockey,,,,,,,,
rectangle,quadrilateral,square,parallel,four,sides,,,,,,,,
finger,point,thumb,toe,diget,hand,,,,,,,,
porcupine,prickly,hedgehog,rodent,quills,needles,,,,,,,,
jackpot,gambling,win,money,roll,hit,,,,,,,,
cappuccino,cafe,pressurized,steam,frothed,coffee,,,,,,,,
triangle,pyramid,shape,figure,three,sides,,,,,,,,
uncles,sibling,mother,father,brother,aunt,,,,,,,,
jazz,genre,saxophone,Coltrane,band,jam,,,,,,,,
whistle,pipes,wind,sound,clean,blow,,,,,,,,
tailor,coat,fitted,suits,alter,clothing,,,,,,,,
wedding,church,divorce,celebrate,couple,marriage,,,,,,,,
silk,lace,smooth,fabric,gown,worm,,,,,,,,
chimney,fire,roof,smoke,sweep,fireplace,,,,,,,,
evolution,intelligent design,organisms,Charles Darwin,theory,natural selection,,,,,,,,
bar,club,beer,expensive,alcohol,drink,,,,,,,,
tobacco,nicotine,pipe,chewing,smoked,cigarette,,,,,,,,
ashtray,cigarette,butts,can,tobacco,ash,,,,,,,,
perfume,scent,smell,sweet,spray,calogne,,,,,,,,
gloves,leather,driving,warm,mittens,hands,,,,,,,,
nostril,snot,lungs,breathe,smells,nose,,,,,,,,
river,lake,Mississippi,fish,stream,water,,,,,,,,
husband,significant other,spouse,marrige,male,man,,,,,,,,
Afghanistan,country,taliban,Desert Storm,forces,war,,,,,,,,
picnic,food,blanket,basket,lunch,park,,,,,,,,
vine,stem,climbing,plant,ivy,grape,,,,,,,,
nun,celibacy,religion,veil,costumes,priest,,,,,,,,
computer,mouse,keyboard,monitor,PC,MacBook,,,,,,,,
college,learn,study,education,university,school,,,,,,,,
violet,red,flower,blue,purple,lilac,,,,,,,,
portrait,art,picture,oils,photo,landscape,,,,,,,,
surgery,scapel,doctor,hospital,operation,cut,,,,,,,,
senator,legislature,government,Congress,politician,congressman,,,,,,,,
hammer,screwdriver,drill,tool,metal,nail,,,,,,,,
diver,jump,water,sport,swim,olympic,,,,,,,,
gladiator,death,ancient,arena,The Coluseum,fight,,,,,,,,
barn,cows,hay,owl,farm,building,,,,,,,,
shower,bathroom,bathe,clean,water,bath,,,,,,,,
vitamins,dose,daily,deficiency,fortified,protection,,,,,,,,
closet,private,skeleton,bedroom,hang,storage,,,,,,,,
movie,silver screen,actors/actresses,film,watch,theater,,,,,,,,
nightmare,sweat,scary,night,sleep,dream,,,,,,,,
sail,cruises,sea,boat,wind,ship,,,,,,,,
freshmen,sophomores,college,young,year,first,,,,,,,,
Oregon,west,Pacific,Washington,state,trail,,,,,,,,
grandmother,son,family,parent,father,mother,,,,,,,,
genius,Apple,intelligent,prodigy,creative,smart,,,,,,,,
unions,labor,strikes,political,organized,association,,,,,,,,
ink,lead,pencil,pen,quill,write,,,,,,,,
skyscraper,New York,skyline,building,tall,construction,,,,,,,,
yogurt,milk,fermented,sweetened,snack,flavors,,,,,,,,
torpedo,vanes,ship,explode,submarine,missle,,,,,,,,
funeral,dead,body,procession,graveyard,burial,,,,,,,,
monarchy,dictator,democracy,queen,king,crown,,,,,,,,
supermarket,store,produce,food,shop,groceries,,,,,,,,
lotion,soft,dry,sunblock,moisturizer,skin,,,,,,,,
guitar,music,strumming,banjo,string,instrument,,,,,,,,
seafood,shellfish,cuisine,fish,lobster,food,,,,,,,,
jog,walk,light,exercise,gentle,run,,,,,,,,
cousin,parent,child,second,removed,first,,,,,,,,
mailbox,post office,mail,drop,seal,box,,,,,,,,
shoe,barefoot,feet,boots,heels,lace,,,,,,,,
FBI,federal,agent,government agency,law enforcement,CIA,,,,,,,,
kitchen,stove,pantry,fridge,cook,food,,,,,,,,
toothbrush,clean,brush,toothpaste,teeth,bristles,,,,,,,,
accident,surviving,car,chance,happened,witness,,,,,,,,
rugby,goal,kick,tackle,football,England,,,,,,,,
NATO,atlantic,European,countries,UN,north,,,,,,,,
joke,knock-knock,comedian,say,humor,funny,,,,,,,,
iPod,Apple,touch,video,mp3,music,,,,,,,,
pulp,pines,orange,fiction,mill,paper,,,,,,,,
plankton,shark,whale,sea,animals,ocean,,,,,,,,
witch,spells,girl,woman,magic,broomstick,,,,,,,,
cemetery,ground,tombstone,graveyard,bury,dead,,,,,,,,
wheelbarrow,wheel,gardening,loads,carrying,barrows,,,,,,,,
quadrilateral,geometry,kite,rectangle,four,sided,,,,,,,,
badminton,racket,shuttlecock,net,double,singles,,,,,,,,
harpoon,sea,fishing,spear,fired,shaft,,,,,,,,
church,Christian,pew,cross,altar,worship,,,,,,,,
mafia,godfather,mob,crime,organized,family,,,,,,,,
Disney,animation,Mickey Mouse,cartoon,movie,Walt,,,,,,,,
headlights,drive,car,deer,lights,bright,,,,,,,,
poem,recital,poetry,epic,song,rhyming,,,,,,,,
lighthouse,sea,ships,light,Alexandria,lanterns,,,,,,,,
inhale,weed,vapors,breathing,gasping,fumes,,,,,,,,
beef,roasted,flesh,cows,sausage,steaks,,,,,,,,
instrument,reed,string,blowing,music,play,,,,,,,,
vacation,holiday,break,work,travel,cruises,,,,,,,,
submarine,ocean,underwater,patrol,torpedo,sea,,,,,,,,
beer,alcohol,craft,barrel,brewing,draft,,,,,,,,
acre,yards,square,parcel,feet,land,,,,,,,,
peppers,cayenne,spice,green,red,food,,,,,,,,
helicopter,Marine One,rotors,fan,float,plane,,,,,,,,
imam,Muhammad,religion,prayer,Islam,leader,,,,,,,,
life,blood,grave,age,birth,death,,,,,,,,
Poseidon,Greek,god,sea,son,Neptune,,,,,,,,
nickel,penny,cent,coin,five,iron,,,,,,,,
squirrel,winter,rodent,tree,nuts,store,,,,,,,,
mushroom,fungus,outside,grow,truffles,cream,,,,,,,,
Princeton,Yale,New Jersey,University,Harvard,Ivy,,,,,,,,
fire,light,smoke,burn,chimney,cook,,,,,,,,
wounds,injury,patches,skin,licked,open,,,,,,,,
latitude,location,lines,parallel,equator,longitude,,,,,,,,
mail,envelope,letter,postal,send,emails,,,,,,,,
overdose,suicide,hospital,dose,death,drug,,,,,,,,
ruby,crystal,red,stone,color,gem,,,,,,,,
volunteer,work,paid,freely,willingly,service,,,,,,,,
trojan,condom,horse,achilles,troy,ancient,,,,,,,,
soccer,goal,game,sport,ball,feet,,,,,,,,
laser,radiation,surgery,Austin Powers,pointer,light,,,,,,,,
ventriloquism,dummy,pretend,puppet,voice,talk,,,,,,,,
vanilla,ice cream,beans,chocolate,extract,flavor,,,,,,,,
restaurant,checks,menu,diner,eat,food,,,,,,,,
gem,shiny,jewlery,pearl,stone,emerald,,,,,,,,
karate,punch,kick,martial arts,black,belt,,,,,,,,
calcium,diet,break,strong,bones,milk,,,,,,,,
leprosy,quarantine,infection,disfigurement,disease,skin,,,,,,,,
newspaper,daily,periodical,paper,news,printed,,,,,,,,
comedian,laugh,funny,jokes,comic,entertainer,,,,,,,,
voice,tone,sound,speak,hear,sing,,,,,,,,
skirts,short,girls,women,waist,around,,,,,,,,
canal,passageway,water,root,Panama,lock,,,,,,,,
swim,breaststroke,dive,walk,pool,water,,,,,,,,
vest,denim,suit,waistcoat,clothing,cummerbund,,,,,,,,
pyramid,building,triangle,Las Vegas,Giza,Egypt,,,,,,,,
alcoholic,drinking,wet,bar,wine,beer,,,,,,,,
pool,backyard,diving board,house,swim,water,,,,,,,,
sushi,food,rolls,raw,japanese,fish,,,,,,,,
purse,cash,wallet,bag,woman,money,,,,,,,,
telephone,ring,dial,hang,mobile,call,,,,,,,,
rooster,chicken,cock,bird,daybreak,morning,,,,,,,,
Amsterdam,port,financial,city,Netherlands,weed,,,,,,,,
crystals,clear,glass,diamond,transparent,hard,,,,,,,,
fame,hollywood,famous,star,fifteen minutes,rich,,,,,,,,
aches,dull,continuous,intensity,heart,hurt,,,,,,,,
synagogue,church,congregation,jewish,assembly,sin,,,,,,,,
highlighter,text,reading,school,marker,yellow,,,,,,,,
vending machine,automatic,number,slot,candy,coins,,,,,,,,
jewel,ornament,crown,gem,precious,stone,,,,,,,,
lava,Hawaii,magma,hot,erupt,volcano,,,,,,,,
macaroni,short,tubes,Kraft,pasta,cheese,,,,,,,,
babies,infants,bottles,loved,born,young,,,,,,,,
inch,centimeter,foot,imperial,metric,distance,,,,,,,,
vegetable,health,diet,pyramid,food,fruit,,,,,,,,
satellite,earth,orbit,moon,space,sky,,,,,,,,
literature,classical,art,humanity,books,reading,,,,,,,,
snail,mollusk,spiral,slug,shell,slow,,,,,,,,
nest,tree,chicks,eggs,bird,home,,,,,,,,
rain,falls,water,weather,drizzle,precipitation,,,,,,,,
sauna,sweating,pool,session,air,heat,,,,,,,,
suburb,countryside,family,outside,city,soccer man,,,,,,,,
waterfall,precipice,Niagra,cascade,fall,water,,,,,,,,
advertisement,adblock,tv,commercial,billboard,notice,,,,,,,,
lemon,yellow,fruit,citrus,juice,sour,,,,,,,,
whale,fish,ocean,blowhole,spout,beach,,,,,,,,
magician,trick,wizard,hat,wand,rabbit,,,,,,,,
mosaic,ancient,tiles,colors,pattern,art,,,,,,,,
diabetes,shots,sweet,metabolic,insulin,cure,,,,,,,,
theater,film,play,seats,theatre,movie,,,,,,,,
lunch,midday,meal,breakfast,dinner,eat,,,,,,,,
floor,tile,beneath,ceiling,ground,carpet,,,,,,,,
immigrant,person,foreign,migrate,live,illegal,,,,,,,,
massage,body,hands,stroke,rubbing,kneading,,,,,,,,
mother,birth,parents,dad,mom,father,,,,,,,,
anchorman,radio,program,anchor,news,tv,,,,,,,,
taxi,fare,drive,car,driver,passenger,,,,,,,,
summer,july,warm,winter,fall,spring,,,,,,,,
indigo,dye,plant,color,bunting,blue,,,,,,,,
traditions,always,holidays,family,year,annual,,,,,,,,
camel,water,llama,long,desert,humps,,,,,,,,
money,dollars,bank,change,cash,pay,,,,,,,,
restrooms,pee,public,room,bathroom,toilet,,,,,,,,
hallucinations,drugs,experience,LSD,perception,hallucinogens,,,,,,,,
integer,fraction,whole number,unit,number,composite,,,,,,,,
glue,craft,gun,eat,adhesive,Elmers,,,,,,,,
web,cobbwebb,insects,spider,world wide,internet,,,,,,,,
rose,garden,shrub,thorns,red,flower,,,,,,,,
photons,sun,energy,laser,radiation,light,,,,,,,,
Friday,weekend,thursday,saturday,day,week,,,,,,,,
sky,high,atmosphere,blue,heaven,clouds,,,,,,,,
lake,pond,Great Lakes,sea,ocean,water,,,,,,,,
pharmacy,pills,drugstore,medicine,drugs,corner,,,,,,,,
hay,grazing,crop,bale,horse,farm,,,,,,,,
narcolepsy,tired,nap,disease,sudden,sleep,,,,,,,,
prison,crime,sentence,cage,maximum security,jail,,,,,,,,
basketball,sport,ball,court,nba,hoop,,,,,,,,
feminism,politics,literature,rights,equality,women,,,,,,,,
raven,dark,crow,bird,poem,black,,,,,,,,
viking,Iceland,Norse,Minnesota,Danish,pirates,,,,,,,,
Island,Hawaii,sea,ground,ocean,land,,,,,,,,
mop,water,floor,wash,broom,clean,,,,,,,,
vulture,circle,dead,prey,bird,kill,,,,,,,,
tropics,hot,rainforest,jungle,palm,cancer,,,,,,,,
traffic,authority,slow,cars,report,jam,,,,,,,,
knot,nautical mile,secure,wire,shoelace,tie,,,,,,,,
vacuum,mop,electric,clean,broom,sucking,,,,,,,,
judge,Supreme Court,lawyer,judgments,decision,court,,,,,,,,
cape,super hero,weather,Batman,clothing,wear,,,,,,,,
shadow,shade,cast,project,dark,follow,,,,,,,,
password,computer,login,security,key,word,,,,,,,,
sandals,flip-flop,straps,toes,shoes,feet,,,,,,,,
fleas,parasite,blood,pets,cat,bite,,,,,,,,
puppy,kitten,pet,young,baby,dog,,,,,,,,
towel,shower,bath,swimming,dry,white,,,,,,,,
postcard,travel,abroad,envelope,mail,photo,,,,,,,,
sofa,living room,sleep,loveseat,rest,couch,,,,,,,,
twin,siblings,born,pair,birth,identical,,,,,,,,
clown,party,costume,circus,comic,scary,,,,,,,,
pimple,head,pop,pus,skin,infection,,,,,,,,
ozone,oxygen,sun,ultraviolet,sky,atmosphere,,,,,,,,
garage,covered,house,vehicle,park,car,,,,,,,,
mosquito,suck,summer,bite,blood,insect,,,,,,,,
night,moon,dark,watch,day,sleep,,,,,,,,
heel,sole,ground,wedge,shoe,flat,,,,,,,,
kaleidoscope,mirrors,patterns,colors,changing,tube,,,,,,,,
Mayan,South America,native,mexico,Incas,pyramid,,,,,,,,
crown,hat,head,queen,king,jewels,,,,,,,,
yolk,sunny side,embryo,egg,yellow,white,,,,,,,,
sponge,water,dishes,mops,porous,clean,,,,,,,,
lobster,sea,food,pincers,red,crustacean,,,,,,,,
Somalia,country,pirates,republic,horn,Africa,,,,,,,,
home,love,family,live,house,house,,,,,,,,
twig,shrub,tree,stem,branch,wood,,,,,,,,
leaf,spring,color,turn,fall,green,,,,,,,,
paleolithic,age,stone,ago,period,years,,,,,,,,
pet,animal,adopt,cat,rabbit,dog,,,,,,,,
noon,morning,12,afternoon,midnight,time,,,,,,,,
ice,water,cold,slide,frozen,snow,,,,,,,,
rhino,animal,grey,elephant,Africa,horn,,,,,,,,
fog,mist,see,gas,water vapor,smoke,,,,,,,,
inflammation,injury,illness,tissue,swelling,irritation,,,,,,,,
juices,food,orange,cup,fruit,vegetables,,,,,,,,
heir,princess,throne,prince,king,inherit,,,,,,,,
convict,jail,guilty,criminal,offense,crime,,,,,,,,
forks,four,eating,utencils,spoons,knives,,,,,,,,
epic,muses,heroic,beowulf,poem,book,,,,,,,,
knife,cutting,eating,utencil,spoon,fork,,,,,,,,
nose,face,sniff,bleed,blowing,smell,,,,,,,,
pepper,shaker,salt,taste,spice,season,,,,,,,,
hose,firetruck,nozzle,firefighting,water,flush,,,,,,,,
energy,electricity,geothermal,wind,nuclear,thermodynamic,,,,,,,,
rum,molasses,spirit,liquor,alcohol,vodka,,,,,,,,
salmon,roll,bear,pink,trout,fish,,,,,,,,
corn,farm,cereal,cob,field,grain,,,,,,,,
rug,ground,floor,floor,area,carpet,,,,,,,,
cork,bark,tree,wine,wood,float,,,,,,,,
devil,demon,evil,soul,imp,hell,,,,,,,,
vault,lock,safe,arch,room,bank,,,,,,,,
abroad,home,roamed,export,walking,travel,,,,,,,,
zoo,care,cages,public,conservation,animals,,,,,,,,
cowboy,ranch,mexico,boots,western,rodeo,,,,,,,,
universe,world,alternative,stars,space,galaxy,,,,,,,,
numerator,integer,denominator,fraction,top,number,,,,,,,,
virus,antibodies,bacteria,sick,bug,infection,,,,,,,,
oatmeal,porridge,brown sugar,Quaker,cereal,breakfast,,,,,,,,
ounce,weight,grams,measurement,unit,pound,,,,,,,,
sweat,wet,exercise,skin,heat,pig,,,,,,,,
neighbor,near,live,next,home,house,,,,,,,,
tongue,whistle,speaking,taste,lick,mouth,,,,,,,,
octopus,squid,sea,tentacles,arms,ink,,,,,,,,
sweater,hoodie,clothing,cashmere,dress,wool,,,,,,,,
emcee,occasion,perform,entertainment,ceremonies,master,,,,,,,,
garbage,waste,recycling,throw out,curb,trash,,,,,,,,
librarians,borrow,administers,study,books,library,,,,,,,,
homeless,beg,shelter,cardboard box,live,street,,,,,,,,
sunglasses,wear,UV,glasses,shades,sun,,,,,,,,
yawn,mouth,inhale,tiredness,wide,open,,,,,,,,
panorama,camera,art,view,wide,photo,,,,,,,,
museum,Louvre,tour,pieces,art,exhibit,,,,,,,,
tennis,sport,game,ball,serve,return,,,,,,,,
sock,toes,barefoot,stocking,shoes,feet,,,,,,,,
reindeer,Rudolph,sleigh,deer,Christmas,Santa,,,,,,,,
refrigerator,cold,freezer,food,cool,chill,,,,,,,,
dynamite,TNT,reaction,explosion,stick,nitroglycerin,,,,,,,,
fish,water,catch,bait,net,sea,,,,,,,,
mountains,altitude,Alps,Rocky,valley,snow,,,,,,,,
receipt,goods,pay,check,paper,buy,,,,,,,,
north,cardinal,west,east,south,direction,,,,,,,,
sundaes,chocolate,nuts,syrup,dessert,ice cream,,,,,,,,
fireworks,rockets,4th of July,celebrations,sky,colors,,,,,,,,
hiccup,stop,diaphragm,sound,cough,drunk,,,,,,,,
atom,protons,electrons,nuclear,small,molecule,,,,,,,,
mice,pest,mouse,men,cat,experiments,,,,,,,,
corduroy,ribs,fabric,bear,pants,cords,,,,,,,,
penguin,flipper,white,black,slide,bird,,,,,,,,
waffles,Belgian,iron,house,breakfast,pancakes,,,,,,,,
skull,bone,skeleton,cranium,head,brain,,,,,,,,
Camelot,Excalibur,knights,court,king,Arthur,,,,,,,,
peso,Spanish,currency,mexico,dollar,money,,,,,,,,
dvd,tv,movie,disc,cd,burn,,,,,,,,
zodiac,calendar,astronomy,constellations,astrology,signs,,,,,,,,
grass,patch,green,plant,grazing,yard,,,,,,,,
condiment,ketchup,relishes,pepper,mustard,jelly,,,,,,,,
email,internet,gmail,electronic,sending,message,,,,,,,,
CIA,FBI,Central Intelligence Agency,United States,spy,federal,,,,,,,,
medication,doctor,drug,health,treatment,sick,,,,,,,,
whisper,loud,speeking,confidential,softly,telephone,,,,,,,,
umpire,safe,ball,stike,call,baseball,,,,,,,,
circus,performers,acrobats,clowns,freak,tents,,,,,,,,
deer,antlers,Bamby,doe,animal,bucks,,,,,,,,
pie,tin,blueberry,apple,slices,bake,,,,,,,,
textbook,read,text,book,rent,school,,,,,,,,
thanksgiving,pilgrims,November,gravy,turkey,holiday,,,,,,,,
referee,black,whistle,foul,soccer,sports,,,,,,,,
logo,brand,image,company,design,words,,,,,,,,
politics,Democracy,Republican,parties,government,power,,,,,,,,
ship,car,ocean,sea,boat,sail,,,,,,,,
rainbow,spectrum,arc,sky,hues,color,,,,,,,,
spice,life,cooking,ginger,flavor,pepper,,,,,,,,
yoga,pants,hindu,stretch,meditation,spiritual,,,,,,,,
Mayflower,ship,founding,United States,America,pilgrims,,,,,,,,
glacier,ice,Titantic,poles,Alaska,iceberg,,,,,,,,
periodic table,atomic,mass,protons,chemistry,elements,,,,,,,,
peace,country,time,fight,Nobel,war,,,,,,,,
forests,woods,green,wildlife,area,trees,,,,,,,,
astronaut,space,NASA,spacecraft,travel,John Glenn,,,,,,,,
agoraphobia,alone,crowded,places,irrational,spaces,,,,,,,,
income,job,earnings,revenue,wage,money,,,,,,,,
electrons,neutrons,atoms,electricity,protons,orbitals,,,,,,,,
trash,recycling,bin,throw,hauling,can,,,,,,,,
aunt,female,sibling,mother,uncle,family,,,,,,,,
star,night,constellation,sun,orbit,sky,,,,,,,,
mustard,paste,hot dog,plant,condiment,yellow,,,,,,,,
vocabulary,understand,speak,know,language,words,,,,,,,,
toad,hop,lily pads,legs,warts,frog,,,,,,,,
tablespoon,volume,cup,measurement,cooking,teaspoon,,,,,,,,
tabloid,celebrities,paparazzi,photos,sensational,newspaper,,,,,,,,
insect,bug,crawl,small,wasps,spider,,,,,,,,
Tibet,selfimmolation,free,Dali Lama,monk,chinese,,,,,,,,
velocity,physics,light,acceleration,direction,speed,,,,,,,,
CNN,national,news,TV,cable,network,,,,,,,,
sneeze,nose,air,snot,blow,nose,,,,,,,,
desert,water,sahara,hot,cactus,sand,,,,,,,,
vein,cardiovascular,red,flow,vessel,blood,,,,,,,,
ghost,supernatural,spirit,haunted,clear,Casper,,,,,,,,
contraceptive,pregnancy,baby,prevent,condom,pill,,,,,,,,
skunk,white,black,striped,spray,smell,,,,,,,,
Ferrari,Italy,company,car,designer,enzo,,,,,,,,
phone,talk,ring,landline,mobile,call,,,,,,,,
painting,sculpture,museum,picture,landscape,art,,,,,,,,
groom,proposed,man,marriage,bride,wedding,,,,,,,,
yacht,sail,club,rich,cruise,boat,,,,,,,,
orbit,revolution,moon,space,move,planet,,,,,,,,
summit,climb,point,highest,top,mountain,,,,,,,,
watercolors,fluid,specialty,art,color,paint,,,,,,,,
teeth,incisor,molars,white,bite,mouth,,,,,,,,
paramedic,emergency,CPR,hospital,physician,ambulance,,,,,,,,
